user_id,join_date,grade,age_group,gender,experience_months,initial_capital,created_at
user_0001,2025-01-08,C,40대,M,19,7717,2025-01-08T08:04:34.285203
user_0002,2024-03-26,B,60대+,F,26,4243,2024-03-26T08:04:34.285397
user_0003,2025-01-12,B,20대,F,58,9107,2025-01-12T08:04:34.285468
user_0004,2023-12-30,C,20대,M,46,258,2023-12-30T08:04:34.285504
user_0005,2025-02-25,D,20대,M,23,5042,2025-02-25T08:04:34.285529
user_0006,2023-08-18,B,20대,F,26,1931,2023-08-18T08:04:34.285551
user_0007,2025-07-17,B,40대,F,53,1980,2025-07-17T08:04:34.285572
user_0008,2023-10-08,D,20대,F,49,7538,2023-10-08T08:04:34.285593
user_0009,2025-03-29,B,50대,F,15,6965,2025-03-29T08:04:34.285615
user_0010,2024-01-20,C,40대,F,21,8637,2024-01-20T08:04:34.285635
user_0011,2024-10-08,A,60대+,F,48,5377,2024-10-08T08:04:34.285654
user_0012,2024-07-23,B,30대,F,18,4727,2024-07-23T08:04:34.285672
user_0013,2025-03-23,B,30대,F,36,3507,2025-03-23T08:04:34.285691
user_0014,2024-01-27,C,30대,F,27,6648,2024-01-27T08:04:34.285709
user_0015,2023-07-08,D,20대,M,18,5941,2023-07-08T08:04:34.285727
user_0016,2024-08-23,C,40대,F,44,4403,2024-08-23T08:04:34.285745
user_0017,2025-02-21,C,50대,M,56,7748,2025-02-21T08:04:34.285763
user_0018,2025-08-12,B,20대,M,1,367,2025-08-12T08:04:34.285782
user_0019,2023-10-01,D,30대,M,35,3530,2023-10-01T08:04:34.285801
user_0020,2023-01-13,D,30대,M,58,8204,2023-01-13T08:04:34.285819
user_0021,2022-10-15,C,40대,F,19,2387,2022-10-15T08:04:34.285840
user_0022,2024-02-24,D,40대,F,51,1949,2024-02-24T08:04:34.285859
user_0023,2024-06-13,C,30대,F,1,8757,2024-06-13T08:04:34.285878
user_0024,2024-08-17,C,30대,M,33,6361,2024-08-17T08:04:34.285897
user_0025,2024-11-15,A,50대,F,31,3604,2024-11-15T08:04:34.285915
user_0026,2024-04-28,A,30대,M,8,3298,2024-04-28T08:04:34.285934
user_0027,2022-11-21,D,30대,F,37,5771,2022-11-21T08:04:34.285952
user_0028,2024-08-19,C,40대,M,35,1897,2024-08-19T08:04:34.285970
user_0029,2022-12-31,C,30대,F,26,5193,2022-12-31T08:04:34.285988
user_0030,2023-06-02,B,40대,M,10,2499,2023-06-02T08:04:34.286006
user_0031,2022-12-21,D,40대,F,35,474,2022-12-21T08:04:34.286023
user_0032,2023-12-01,C,50대,M,37,6015,2023-12-01T08:04:34.286041
user_0033,2025-02-24,B,60대+,F,39,1380,2025-02-24T08:04:34.286059
user_0034,2024-05-06,D,30대,M,29,9823,2024-05-06T08:04:34.286078
user_0035,2024-09-01,C,40대,F,2,6913,2024-09-01T08:04:34.286096
user_0036,2024-10-18,C,20대,M,45,8384,2024-10-18T08:04:34.286114
user_0037,2023-04-08,A,30대,M,27,618,2023-04-08T08:04:34.286132
user_0038,2024-07-11,B,60대+,F,53,8635,2024-07-11T08:04:34.286150
user_0039,2025-02-08,C,20대,F,10,7255,2025-02-08T08:04:34.286168
user_0040,2022-09-10,C,40대,M,26,3036,2022-09-10T08:04:34.286186
user_0041,2025-07-08,B,30대,F,53,7185,2025-07-08T08:04:34.286203
user_0042,2023-03-12,B,40대,F,22,4455,2023-03-12T08:04:34.286220
user_0043,2025-07-16,C,40대,M,28,561,2025-07-16T08:04:34.286238
user_0044,2022-11-03,C,30대,M,50,3725,2022-11-03T08:04:34.286255
user_0045,2024-08-04,B,40대,M,5,6412,2024-08-04T08:04:34.286273
user_0046,2024-02-17,C,30대,M,29,3014,2024-02-17T08:04:34.286290
user_0047,2024-05-11,D,50대,M,46,3270,2024-05-11T08:04:34.286308
user_0048,2023-11-17,A,30대,M,4,4074,2023-11-17T08:04:34.286325
user_0049,2025-06-12,B,40대,F,16,5391,2025-06-12T08:04:34.286342
user_0050,2023-03-07,C,30대,M,46,6904,2023-03-07T08:04:34.286359
user_0051,2023-01-09,C,50대,F,36,1503,2023-01-09T08:04:34.286376
user_0052,2024-02-07,C,20대,F,39,134,2024-02-07T08:04:34.286393
user_0053,2023-03-09,C,30대,F,4,1688,2023-03-09T08:04:34.286411
user_0054,2023-12-07,C,20대,M,15,6969,2023-12-07T08:04:34.286428
user_0055,2023-02-12,A,30대,F,23,8006,2023-02-12T08:04:34.286446
user_0056,2022-11-28,A,40대,M,41,7237,2022-11-28T08:04:34.286464
user_0057,2023-09-14,D,30대,M,39,6247,2023-09-14T08:04:34.286482
user_0058,2023-08-26,D,40대,M,47,9719,2023-08-26T08:04:34.286500
user_0059,2023-01-13,C,50대,M,1,5412,2023-01-13T08:04:34.286517
user_0060,2025-08-23,C,40대,M,34,5906,2025-08-23T08:04:34.286535
user_0061,2023-01-15,A,60대+,F,28,2273,2023-01-15T08:04:34.286553
user_0062,2024-04-28,C,20대,F,42,3284,2024-04-28T08:04:34.286571
user_0063,2024-09-28,B,40대,F,12,7375,2024-09-28T08:04:34.286589
user_0064,2025-06-07,A,30대,F,15,4269,2025-06-07T08:04:34.286607
user_0065,2025-06-04,B,50대,F,23,6579,2025-06-04T08:04:34.286624
user_0066,2024-09-07,B,30대,F,54,8597,2024-09-07T08:04:34.286642
user_0067,2022-12-27,D,40대,F,1,6098,2022-12-27T08:04:34.286661
user_0068,2023-08-22,B,40대,M,16,5410,2023-08-22T08:04:34.286678
user_0069,2023-05-25,B,50대,M,43,9900,2023-05-25T08:04:34.286696
user_0070,2024-08-28,A,30대,M,5,7692,2024-08-28T08:04:34.286714
user_0071,2022-12-25,B,40대,F,15,7015,2022-12-25T08:04:34.286734
user_0072,2023-11-26,D,30대,M,56,8901,2023-11-26T08:04:34.286753
user_0073,2024-11-03,B,30대,M,41,3771,2024-11-03T08:04:34.286771
user_0074,2024-07-05,C,20대,F,19,1412,2024-07-05T08:04:34.286788
user_0075,2023-10-23,B,40대,F,30,2290,2023-10-23T08:04:34.286805
user_0076,2024-01-12,C,30대,F,53,8954,2024-01-12T08:04:34.286824
user_0077,2024-06-17,C,50대,F,31,4819,2024-06-17T08:04:34.286844
user_0078,2022-10-02,B,40대,F,3,3247,2022-10-02T08:04:34.286863
user_0079,2022-12-28,C,30대,F,0,5992,2022-12-28T08:04:34.286881
user_0080,2024-06-29,A,40대,F,44,9736,2024-06-29T08:04:34.286899
user_0081,2025-03-27,B,40대,M,28,3401,2025-03-27T08:04:34.286917
user_0082,2022-12-10,B,30대,F,52,7915,2022-12-10T08:04:34.286934
user_0083,2023-06-29,B,60대+,F,15,4786,2023-06-29T08:04:34.286951
user_0084,2023-02-06,C,40대,F,39,9240,2023-02-06T08:04:34.286969
user_0085,2025-07-27,C,30대,F,54,3997,2025-07-27T08:04:34.286986
user_0086,2025-01-22,C,40대,F,43,2617,2025-01-22T08:04:34.287003
user_0087,2024-11-03,C,60대+,M,46,363,2024-11-03T08:04:34.287021
user_0088,2024-05-02,D,30대,M,26,8339,2024-05-02T08:04:34.287040
user_0089,2025-03-01,B,40대,M,32,9390,2025-03-01T08:04:34.287058
user_0090,2022-09-11,D,50대,M,29,5248,2022-09-11T08:04:34.287075
user_0091,2025-03-05,C,30대,F,22,3896,2025-03-05T08:04:34.287092
user_0092,2025-04-06,D,30대,M,56,2631,2025-04-06T08:04:34.287109
user_0093,2024-02-04,C,60대+,M,18,5293,2024-02-04T08:04:34.287125
user_0094,2023-02-19,D,30대,M,20,4223,2023-02-19T08:04:34.287142
user_0095,2024-07-10,B,30대,F,5,8728,2024-07-10T08:04:34.287159
user_0096,2023-02-20,D,40대,M,37,4939,2023-02-20T08:04:34.287175
user_0097,2023-11-22,B,20대,M,50,9801,2023-11-22T08:04:34.287192
user_0098,2024-01-02,C,30대,M,21,3112,2024-01-02T08:04:34.287209
user_0099,2022-10-30,D,50대,M,27,8538,2022-10-30T08:04:34.287225
user_0100,2023-10-13,C,30대,M,12,4889,2023-10-13T08:04:34.287242
user_0101,2023-04-27,D,40대,F,34,4542,2023-04-27T08:04:34.287259
user_0102,2023-01-30,C,40대,F,35,4818,2023-01-30T08:04:34.287275
user_0103,2025-01-07,C,30대,F,15,375,2025-01-07T08:04:34.287292
user_0104,2022-10-09,C,60대+,M,45,2185,2022-10-09T08:04:34.287308
user_0105,2023-11-04,D,50대,F,7,1327,2023-11-04T08:04:34.287325
user_0106,2022-11-08,B,30대,F,31,9757,2022-11-08T08:04:34.287344
user_0107,2023-10-31,B,30대,F,54,6313,2023-10-31T08:04:34.287361
user_0108,2023-05-03,B,30대,F,55,9494,2023-05-03T08:04:34.287378
user_0109,2023-11-29,C,30대,F,26,8869,2023-11-29T08:04:34.287394
user_0110,2024-05-17,B,50대,M,17,4581,2024-05-17T08:04:34.287411
user_0111,2023-02-22,B,60대+,F,30,5934,2023-02-22T08:04:34.287427
user_0112,2024-07-29,B,30대,M,4,7689,2024-07-29T08:04:34.287444
user_0113,2023-03-29,C,30대,F,15,9483,2023-03-29T08:04:34.287460
user_0114,2025-08-31,A,40대,M,51,4223,2025-08-31T08:04:34.287476
user_0115,2022-12-22,B,40대,F,11,7294,2022-12-22T08:04:34.287493
user_0116,2025-07-26,D,40대,F,13,6512,2025-07-26T08:04:34.287509
user_0117,2025-03-30,C,30대,F,34,1085,2025-03-30T08:04:34.287526
user_0118,2025-03-04,C,30대,F,37,7476,2025-03-04T08:04:34.287545
user_0119,2023-01-03,C,40대,F,36,2909,2023-01-03T08:04:34.287563
user_0120,2024-10-14,D,50대,M,57,1197,2024-10-14T08:04:34.287592
user_0121,2024-05-17,D,40대,F,9,9731,2024-05-17T08:04:34.287610
user_0122,2024-05-29,B,30대,M,14,1635,2024-05-29T08:04:34.287627
user_0123,2024-08-24,D,40대,F,28,9933,2024-08-24T08:04:34.287644
user_0124,2023-01-02,C,30대,F,54,7062,2023-01-02T08:04:34.287660
user_0125,2024-11-22,D,30대,M,54,2381,2024-11-22T08:04:34.287677
user_0126,2024-10-12,B,40대,M,13,9261,2024-10-12T08:04:34.287693
user_0127,2023-07-31,D,60대+,F,57,153,2023-07-31T08:04:34.287709
user_0128,2024-05-18,B,30대,F,24,4418,2024-05-18T08:04:34.287726
user_0129,2023-07-05,B,30대,F,37,8233,2023-07-05T08:04:34.287743
user_0130,2025-06-17,C,30대,M,2,5497,2025-06-17T08:04:34.287762
user_0131,2024-02-20,B,60대+,M,0,1146,2024-02-20T08:04:34.287781
user_0132,2024-04-16,D,30대,M,6,3449,2024-04-16T08:04:34.287798
user_0133,2024-11-26,B,30대,M,48,8978,2024-11-26T08:04:34.287814
user_0134,2025-07-21,C,50대,F,5,9996,2025-07-21T08:04:34.287836
user_0135,2024-05-25,C,40대,F,43,8099,2024-05-25T08:04:34.287853
user_0136,2023-06-13,B,40대,M,38,642,2023-06-13T08:04:34.287869
user_0137,2025-08-22,C,40대,F,3,7592,2025-08-22T08:04:34.287886
user_0138,2024-12-09,B,40대,M,33,1609,2024-12-09T08:04:34.287902
user_0139,2024-05-04,C,20대,F,38,1809,2024-05-04T08:04:34.287918
user_0140,2024-12-09,D,30대,F,54,6429,2024-12-09T08:04:34.287935
user_0141,2022-10-09,B,50대,M,19,9060,2022-10-09T08:04:34.287951
user_0142,2022-12-04,B,20대,M,6,7413,2022-12-04T08:04:34.287967
user_0143,2023-04-11,D,40대,M,6,1063,2023-04-11T08:04:34.287984
user_0144,2022-12-10,B,30대,M,26,2497,2022-12-10T08:04:34.288000
user_0145,2024-11-21,D,50대,F,53,7620,2024-11-21T08:04:34.288016
user_0146,2023-08-26,C,60대+,M,31,494,2023-08-26T08:04:34.288033
user_0147,2023-06-03,D,30대,F,14,6303,2023-06-03T08:04:34.288049
user_0148,2023-09-05,D,40대,F,38,8107,2023-09-05T08:04:34.288065
user_0149,2023-03-13,C,50대,M,16,4285,2023-03-13T08:04:34.288082
user_0150,2023-08-15,B,50대,M,24,5775,2023-08-15T08:04:34.288098
user_0151,2024-09-20,C,30대,F,60,1778,2024-09-20T08:04:34.288115
user_0152,2025-03-16,C,40대,M,44,3100,2025-03-16T08:04:34.288131
user_0153,2023-06-22,D,40대,M,38,5679,2023-06-22T08:04:34.288147
user_0154,2023-02-23,C,40대,F,28,6726,2023-02-23T08:04:34.288177
user_0155,2023-05-02,D,30대,F,9,576,2023-05-02T08:04:34.288196
user_0156,2024-03-06,B,40대,M,3,2935,2024-03-06T08:04:34.288212
user_0157,2023-04-07,C,40대,F,32,8406,2023-04-07T08:04:34.288228
user_0158,2025-07-06,B,30대,M,0,8123,2025-07-06T08:04:34.288245
user_0159,2023-12-17,C,40대,M,29,7238,2023-12-17T08:04:34.288261
user_0160,2023-12-29,A,40대,F,38,7770,2023-12-29T08:04:34.288277
user_0161,2025-04-26,C,30대,F,30,1497,2025-04-26T08:04:34.288293
user_0162,2022-11-21,A,30대,F,2,9546,2022-11-21T08:04:34.288309
user_0163,2023-07-03,B,40대,F,58,5832,2023-07-03T08:04:34.288326
user_0164,2024-08-27,C,30대,M,5,3756,2024-08-27T08:04:34.288342
user_0165,2024-07-08,B,40대,F,19,901,2024-07-08T08:04:34.288359
user_0166,2023-08-01,B,60대+,M,25,9923,2023-08-01T08:04:34.288375
user_0167,2023-03-07,C,30대,F,41,7920,2023-03-07T08:04:34.288391
user_0168,2023-05-30,B,30대,M,60,4008,2023-05-30T08:04:34.288408
user_0169,2024-12-13,B,20대,F,21,9789,2024-12-13T08:04:34.288424
user_0170,2023-09-22,C,50대,F,18,2156,2023-09-22T08:04:34.288440
user_0171,2024-05-13,A,30대,F,41,8140,2024-05-13T08:04:34.288457
user_0172,2024-09-19,B,20대,M,44,7729,2024-09-19T08:04:34.288473
user_0173,2022-10-30,C,20대,F,41,1737,2022-10-30T08:04:34.288489
user_0174,2024-03-30,B,30대,M,60,5983,2024-03-30T08:04:34.288506
user_0175,2025-07-27,B,40대,M,9,3868,2025-07-27T08:04:34.288522
user_0176,2023-10-05,C,50대,F,45,5877,2023-10-05T08:04:34.288539
user_0177,2024-03-17,C,40대,F,50,8565,2024-03-17T08:04:34.288555
user_0178,2022-11-03,B,20대,F,31,4269,2022-11-03T08:04:34.288571
user_0179,2023-10-01,C,30대,F,57,6882,2023-10-01T08:04:34.288588
user_0180,2024-04-12,B,30대,M,31,270,2024-04-12T08:04:34.288604
user_0181,2024-09-05,C,30대,F,38,7173,2024-09-05T08:04:34.288621
user_0182,2024-04-13,C,30대,F,8,2482,2024-04-13T08:04:34.288637
user_0183,2024-07-04,C,30대,F,35,4361,2024-07-04T08:04:34.288653
user_0184,2025-01-16,A,40대,F,23,7991,2025-01-16T08:04:34.288669
user_0185,2024-06-16,D,40대,M,15,7111,2024-06-16T08:04:34.288686
user_0186,2024-08-09,C,30대,M,49,5773,2024-08-09T08:04:34.288702
user_0187,2022-12-12,D,30대,M,18,2746,2022-12-12T08:04:34.288718
user_0188,2025-05-03,B,20대,M,18,434,2025-05-03T08:04:34.288734
user_0189,2024-07-13,B,40대,F,41,9535,2024-07-13T08:04:34.288751
user_0190,2023-08-27,C,30대,M,59,9231,2023-08-27T08:04:34.288768
user_0191,2023-12-18,D,30대,F,43,215,2023-12-18T08:04:34.288786
user_0192,2025-03-24,C,50대,M,23,5488,2025-03-24T08:04:34.288803
user_0193,2025-01-16,A,40대,F,27,6154,2025-01-16T08:04:34.288819
user_0194,2025-01-05,D,50대,F,15,859,2025-01-05T08:04:34.288835
user_0195,2025-01-26,D,50대,F,21,3723,2025-01-26T08:04:34.288852
user_0196,2025-01-17,A,30대,M,46,2733,2025-01-17T08:04:34.288868
user_0197,2023-07-26,D,50대,F,56,1769,2023-07-26T08:04:34.288884
user_0198,2025-03-25,D,40대,F,38,4131,2025-03-25T08:04:34.288900
user_0199,2025-06-03,D,20대,F,10,9528,2025-06-03T08:04:34.288917
user_0200,2023-02-09,A,50대,F,50,8463,2023-02-09T08:04:34.288934
user_0201,2023-01-22,C,50대,M,42,855,2023-01-22T08:04:34.288951
user_0202,2024-12-07,C,30대,M,30,6055,2024-12-07T08:04:34.288968
user_0203,2024-09-25,B,40대,F,7,5192,2024-09-25T08:04:34.288985
user_0204,2023-07-05,A,40대,M,41,8215,2023-07-05T08:04:34.289002
user_0205,2025-08-11,A,20대,M,12,3971,2025-08-11T08:04:34.289018
user_0206,2023-12-05,D,40대,M,33,318,2023-12-05T08:04:34.289034
user_0207,2022-10-02,D,60대+,F,47,9304,2022-10-02T08:04:34.289051
user_0208,2024-01-27,A,50대,M,42,7969,2024-01-27T08:04:34.289067
user_0209,2024-10-20,C,30대,M,6,4721,2024-10-20T08:04:34.289084
user_0210,2023-11-08,B,30대,F,18,9484,2023-11-08T08:04:34.289100
user_0211,2024-10-03,A,40대,M,9,4433,2024-10-03T08:04:34.289116
user_0212,2024-02-22,D,30대,M,42,6940,2024-02-22T08:04:34.289132
user_0213,2022-10-22,B,20대,M,31,9548,2022-10-22T08:04:34.289149
user_0214,2025-02-12,C,30대,F,51,5757,2025-02-12T08:04:34.289165
user_0215,2022-09-29,A,30대,F,30,3021,2022-09-29T08:04:34.289182
user_0216,2025-07-29,C,50대,F,18,750,2025-07-29T08:04:34.289200
user_0217,2024-02-16,B,30대,F,54,8412,2024-02-16T08:04:34.289216
user_0218,2025-07-31,A,30대,M,34,4311,2025-07-31T08:04:34.289232
user_0219,2024-08-17,B,20대,F,1,6638,2024-08-17T08:04:34.289248
user_0220,2023-05-24,C,50대,F,21,2680,2023-05-24T08:04:34.289264
user_0221,2024-08-12,C,50대,F,15,1634,2024-08-12T08:04:34.289280
user_0222,2023-03-08,B,30대,F,1,403,2023-03-08T08:04:34.289296
user_0223,2023-08-19,D,20대,F,15,5257,2023-08-19T08:04:34.289312
user_0224,2023-08-11,D,20대,F,40,1409,2023-08-11T08:04:34.289328
user_0225,2024-09-27,B,50대,F,27,475,2024-09-27T08:04:34.289345
user_0226,2024-03-22,A,20대,F,31,479,2024-03-22T08:04:34.289361
user_0227,2024-04-27,D,20대,M,22,4214,2024-04-27T08:04:34.289377
user_0228,2024-12-13,C,30대,M,0,244,2024-12-13T08:04:34.289393
user_0229,2025-08-22,C,50대,F,13,4963,2025-08-22T08:04:34.289409
user_0230,2025-05-21,C,30대,F,26,3294,2025-05-21T08:04:34.289426
user_0231,2024-11-19,B,40대,M,48,4321,2024-11-19T08:04:34.289442
user_0232,2024-02-19,C,60대+,M,5,4116,2024-02-19T08:04:34.289460
user_0233,2024-10-26,A,50대,M,16,6133,2024-10-26T08:04:34.289477
user_0234,2024-11-14,A,30대,F,45,9746,2024-11-14T08:04:34.289493
user_0235,2025-04-02,D,60대+,F,58,7027,2025-04-02T08:04:34.289510
user_0236,2025-07-21,B,20대,F,58,8728,2025-07-21T08:04:34.289526
user_0237,2025-04-06,D,40대,M,17,7560,2025-04-06T08:04:34.289542
user_0238,2022-10-16,B,30대,F,54,8685,2022-10-16T08:04:34.289558
user_0239,2023-08-11,B,40대,M,8,9151,2023-08-11T08:04:34.289574
user_0240,2022-12-12,C,40대,F,21,931,2022-12-12T08:04:34.289590
user_0241,2024-12-26,D,30대,F,24,8262,2024-12-26T08:04:34.289606
user_0242,2024-04-22,C,20대,M,51,8756,2024-04-22T08:04:34.289623
user_0243,2023-08-01,A,30대,F,38,3750,2023-08-01T08:04:34.289639
user_0244,2023-06-17,D,30대,M,0,829,2023-06-17T08:04:34.289655
user_0245,2022-12-22,A,30대,M,11,7256,2022-12-22T08:04:34.289671
user_0246,2024-01-05,B,30대,M,39,6852,2024-01-05T08:04:34.289687
user_0247,2023-06-28,B,40대,F,45,6255,2023-06-28T08:04:34.289703
user_0248,2023-03-25,C,40대,M,8,8653,2023-03-25T08:04:34.289719
user_0249,2024-06-12,D,30대,M,24,8060,2024-06-12T08:04:34.289735
user_0250,2023-05-11,C,30대,M,4,9930,2023-05-11T08:04:34.289751
user_0251,2024-11-25,B,30대,M,42,1335,2024-11-25T08:04:34.289767
user_0252,2023-01-17,A,20대,M,36,5131,2023-01-17T08:04:34.289783
user_0253,2024-12-10,B,20대,F,49,4559,2024-12-10T08:04:34.289800
user_0254,2024-11-25,C,30대,F,2,4902,2024-11-25T08:04:34.289816
user_0255,2025-01-21,B,30대,F,7,9652,2025-01-21T08:04:34.289832
user_0256,2025-08-16,B,50대,F,44,3993,2025-08-16T08:04:34.289848
user_0257,2023-04-18,C,40대,M,5,7274,2023-04-18T08:04:34.289864
user_0258,2023-09-23,D,40대,M,24,936,2023-09-23T08:04:34.289881
user_0259,2025-03-23,C,30대,M,44,7446,2025-03-23T08:04:34.289897
user_0260,2025-05-25,C,30대,F,48,7043,2025-05-25T08:04:34.289914
user_0261,2024-03-25,B,50대,M,9,7715,2024-03-25T08:04:34.289931
user_0262,2023-02-13,B,40대,M,3,7855,2023-02-13T08:04:34.289947
user_0263,2025-06-24,B,30대,F,41,225,2025-06-24T08:04:34.290024
user_0264,2023-07-12,C,50대,M,55,4727,2023-07-12T08:04:34.290041
user_0265,2023-11-24,B,30대,M,26,1808,2023-11-24T08:04:34.290057
user_0266,2022-09-27,B,30대,M,58,4966,2022-09-27T08:04:34.290074
user_0267,2024-11-20,B,30대,F,14,2518,2024-11-20T08:04:34.290090
user_0268,2022-09-29,B,60대+,M,13,5041,2022-09-29T08:04:34.290106
user_0269,2025-01-23,D,30대,M,44,4141,2025-01-23T08:04:34.290123
user_0270,2025-01-23,B,40대,F,3,4984,2025-01-23T08:04:34.290139
user_0271,2023-05-14,B,20대,M,51,852,2023-05-14T08:04:34.290156
user_0272,2024-11-12,D,50대,F,55,9908,2024-11-12T08:04:34.290172
user_0273,2024-06-11,C,60대+,M,49,6122,2024-06-11T08:04:34.290188
user_0274,2025-01-13,C,40대,F,58,2521,2025-01-13T08:04:34.290204
user_0275,2022-10-10,C,20대,F,51,3699,2022-10-10T08:04:34.290221
user_0276,2025-01-24,A,40대,M,0,1695,2025-01-24T08:04:34.290241
user_0277,2022-12-10,B,30대,M,18,6390,2022-12-10T08:04:34.290258
user_0278,2025-07-23,B,40대,M,45,4416,2025-07-23T08:04:34.290275
user_0279,2025-03-31,D,30대,F,22,8217,2025-03-31T08:04:34.290291
user_0280,2022-10-12,B,20대,F,54,3942,2022-10-12T08:04:34.290307
user_0281,2025-05-07,B,30대,F,30,5988,2025-05-07T08:04:34.290324
user_0282,2024-04-17,C,30대,F,49,2722,2024-04-17T08:04:34.290340
user_0283,2023-07-10,A,40대,M,22,2922,2023-07-10T08:04:34.290356
user_0284,2025-04-07,D,30대,F,0,2158,2025-04-07T08:04:34.290373
user_0285,2022-12-08,C,40대,M,23,5554,2022-12-08T08:04:34.290390
user_0286,2024-07-07,B,40대,M,3,8127,2024-07-07T08:04:34.290406
user_0287,2025-01-07,D,40대,F,6,927,2025-01-07T08:04:34.290430
user_0288,2024-07-13,B,50대,M,56,8155,2024-07-13T08:04:34.290446
user_0289,2024-09-26,B,20대,M,23,8008,2024-09-26T08:04:34.290462
user_0290,2025-01-04,A,30대,M,15,346,2025-01-04T08:04:34.290478
user_0291,2022-10-16,D,40대,F,26,6488,2022-10-16T08:04:34.290495
user_0292,2023-07-07,B,40대,M,1,577,2023-07-07T08:04:34.290511
user_0293,2023-09-08,C,60대+,F,52,1757,2023-09-08T08:04:34.290528
user_0294,2023-02-04,B,30대,M,21,1214,2023-02-04T08:04:34.290544
user_0295,2025-09-08,B,30대,F,44,4558,2025-09-08T08:04:34.290560
user_0296,2024-04-27,D,30대,F,40,816,2024-04-27T08:04:34.290576
user_0297,2024-08-13,C,30대,M,49,456,2024-08-13T08:04:34.290593
user_0298,2023-09-13,B,40대,F,50,2738,2023-09-13T08:04:34.290609
user_0299,2025-08-28,C,30대,F,36,1975,2025-08-28T08:04:34.290625
user_0300,2023-06-04,B,40대,M,56,4083,2023-06-04T08:04:34.290643
user_0301,2023-08-09,C,20대,F,48,891,2023-08-09T08:04:34.290660
user_0302,2023-01-04,D,40대,M,14,8254,2023-01-04T08:04:34.290676
user_0303,2022-10-31,B,50대,M,28,7201,2022-10-31T08:04:34.290693
user_0304,2025-08-13,D,30대,F,7,4204,2025-08-13T08:04:34.290709
user_0305,2025-04-13,D,50대,M,0,6111,2025-04-13T08:04:34.290725
user_0306,2022-10-22,C,50대,F,16,1778,2022-10-22T08:04:34.290741
user_0307,2022-09-25,D,40대,M,53,6057,2022-09-25T08:04:34.290758
user_0308,2024-09-30,C,20대,F,28,6693,2024-09-30T08:04:34.290774
user_0309,2024-10-17,B,30대,M,46,4556,2024-10-17T08:04:34.290790
user_0310,2024-06-20,C,40대,M,21,8061,2024-06-20T08:04:34.290811
user_0311,2022-12-05,C,30대,F,53,3079,2022-12-05T08:04:34.290829
user_0312,2024-07-16,D,30대,F,7,8729,2024-07-16T08:04:34.290845
user_0313,2022-12-10,C,50대,M,11,9197,2022-12-10T08:04:34.290861
user_0314,2024-07-05,D,40대,M,41,7232,2024-07-05T08:04:34.290878
user_0315,2023-01-21,C,40대,F,29,4936,2023-01-21T08:04:34.290895
user_0316,2023-03-28,D,30대,M,56,2760,2023-03-28T08:04:34.290911
user_0317,2024-02-05,B,40대,M,19,816,2024-02-05T08:04:34.290927
user_0318,2024-09-02,C,20대,F,59,4461,2024-09-02T08:04:34.290944
user_0319,2023-02-12,A,30대,M,38,2685,2023-02-12T08:04:34.290960
user_0320,2025-08-07,D,30대,F,37,8575,2025-08-07T08:04:34.290976
user_0321,2022-12-07,C,60대+,F,56,7416,2022-12-07T08:04:34.290992
user_0322,2024-02-03,B,30대,M,7,8584,2024-02-03T08:04:34.291008
user_0323,2022-11-22,C,30대,F,1,4500,2022-11-22T08:04:34.291026
user_0324,2023-03-26,C,40대,F,0,5227,2023-03-26T08:04:34.291043
user_0325,2023-12-20,D,20대,M,24,7742,2023-12-20T08:04:34.291060
user_0326,2024-04-30,C,60대+,M,15,7681,2024-04-30T08:04:34.291076
user_0327,2023-07-07,C,20대,F,51,6318,2023-07-07T08:04:34.291092
user_0328,2025-04-05,A,30대,M,28,6245,2025-04-05T08:04:34.291108
user_0329,2023-09-01,B,40대,M,28,3397,2023-09-01T08:04:34.291125
user_0330,2025-08-15,B,50대,F,42,6566,2025-08-15T08:04:34.291141
user_0331,2025-06-15,D,30대,M,60,9423,2025-06-15T08:04:34.291157
user_0332,2023-10-01,C,50대,M,40,7162,2023-10-01T08:04:34.291173
user_0333,2024-12-20,C,50대,F,39,977,2024-12-20T08:04:34.291190
user_0334,2024-10-28,C,50대,F,39,3307,2024-10-28T08:04:34.291206
user_0335,2022-11-21,C,40대,F,25,4170,2022-11-21T08:04:34.291222
user_0336,2025-03-17,C,20대,F,34,1087,2025-03-17T08:04:34.291239
user_0337,2022-12-20,C,50대,M,55,8682,2022-12-20T08:04:34.291255
user_0338,2023-01-07,B,50대,F,12,2016,2023-01-07T08:04:34.291271
user_0339,2023-08-26,C,30대,M,27,6756,2023-08-26T08:04:34.291287
user_0340,2023-10-21,D,50대,F,54,2742,2023-10-21T08:04:34.291303
user_0341,2023-09-04,C,40대,F,25,7995,2023-09-04T08:04:34.291320
user_0342,2023-05-23,C,40대,M,25,5516,2023-05-23T08:04:34.291336
user_0343,2023-09-03,C,20대,M,9,5317,2023-09-03T08:04:34.291352
user_0344,2023-09-21,C,40대,M,20,7502,2023-09-21T08:04:34.291383
user_0345,2024-02-15,B,50대,F,38,976,2024-02-15T08:04:34.291399
user_0346,2022-12-26,C,30대,M,21,3182,2022-12-26T08:04:34.291416
user_0347,2023-05-29,B,30대,F,43,6782,2023-05-29T08:04:34.291432
user_0348,2025-05-07,B,40대,M,56,6780,2025-05-07T08:04:34.291448
user_0349,2025-04-17,D,40대,M,21,993,2025-04-17T08:04:34.291464
user_0350,2024-05-11,B,30대,M,5,1827,2024-05-11T08:04:34.291480
user_0351,2024-10-23,B,30대,M,47,5675,2024-10-23T08:04:34.291496
user_0352,2023-11-03,B,30대,M,38,8622,2023-11-03T08:04:34.291513
user_0353,2022-11-27,C,40대,F,60,2617,2022-11-27T08:04:34.291529
user_0354,2024-11-18,C,40대,M,10,6390,2024-11-18T08:04:34.291546
user_0355,2023-02-25,C,40대,F,18,9712,2023-02-25T08:04:34.291562
user_0356,2024-03-07,C,50대,F,8,8317,2024-03-07T08:04:34.291578
user_0357,2024-10-18,B,40대,M,12,6788,2024-10-18T08:04:34.291594
user_0358,2023-06-28,B,60대+,F,26,3869,2023-06-28T08:04:34.291611
user_0359,2023-04-23,B,20대,F,45,8759,2023-04-23T08:04:34.291627
user_0360,2025-06-06,C,50대,M,20,5789,2025-06-06T08:04:34.291644
user_0361,2025-03-04,A,60대+,M,15,8401,2025-03-04T08:04:34.291663
user_0362,2022-10-31,B,30대,F,47,7124,2022-10-31T08:04:34.291680
user_0363,2023-03-22,C,40대,F,17,6767,2023-03-22T08:04:34.291697
user_0364,2023-10-26,C,30대,F,57,7476,2023-10-26T08:04:34.291714
user_0365,2024-11-21,C,40대,M,52,5500,2024-11-21T08:04:34.291732
user_0366,2024-09-23,A,40대,M,60,9035,2024-09-23T08:04:34.291750
user_0367,2023-05-17,D,20대,M,6,4255,2023-05-17T08:04:34.291767
user_0368,2022-11-01,B,20대,M,19,5149,2022-11-01T08:04:34.291785
user_0369,2024-02-26,D,40대,F,12,7974,2024-02-26T08:04:34.291802
user_0370,2023-09-11,C,50대,M,11,5305,2023-09-11T08:04:34.291818
user_0371,2024-05-09,B,30대,M,55,6374,2024-05-09T08:04:34.291835
user_0372,2024-08-04,B,30대,M,45,1416,2024-08-04T08:04:34.291852
user_0373,2024-12-01,C,30대,M,37,4280,2024-12-01T08:04:34.291870
user_0374,2023-07-10,D,40대,M,3,7182,2023-07-10T08:04:34.291887
user_0375,2024-12-28,A,30대,M,34,8448,2024-12-28T08:04:34.291943
user_0376,2024-04-25,C,40대,M,60,5103,2024-04-25T08:04:34.291983
user_0377,2023-06-11,C,30대,M,4,9181,2023-06-11T08:04:34.292008
user_0378,2023-01-06,C,30대,F,26,2108,2023-01-06T08:04:34.292030
user_0379,2024-06-29,B,50대,F,30,9530,2024-06-29T08:04:34.292051
user_0380,2023-04-25,D,30대,M,2,8566,2023-04-25T08:04:34.292070
user_0381,2024-10-29,C,50대,M,49,4550,2024-10-29T08:04:34.292089
user_0382,2024-06-29,C,20대,M,20,7845,2024-06-29T08:04:34.292107
user_0383,2023-06-26,B,60대+,M,11,6804,2023-06-26T08:04:34.292125
user_0384,2024-02-23,B,50대,M,37,4185,2024-02-23T08:04:34.292144
user_0385,2024-03-23,B,20대,M,20,7833,2024-03-23T08:04:34.292167
user_0386,2022-10-17,C,30대,F,1,3309,2022-10-17T08:04:34.292186
user_0387,2024-02-07,A,20대,M,58,6484,2024-02-07T08:04:34.292204
user_0388,2025-06-29,B,50대,M,33,7176,2025-06-29T08:04:34.292223
user_0389,2022-09-15,C,40대,F,19,4631,2022-09-15T08:04:34.292242
user_0390,2025-01-28,D,20대,M,35,4632,2025-01-28T08:04:34.292260
user_0391,2023-07-21,D,30대,M,7,1408,2023-07-21T08:04:34.292277
user_0392,2022-10-07,B,60대+,F,27,104,2022-10-07T08:04:34.292295
user_0393,2024-03-17,B,20대,F,12,6759,2024-03-17T08:04:34.292312
user_0394,2025-06-07,D,50대,F,44,6651,2025-06-07T08:04:34.292330
user_0395,2025-04-21,C,40대,M,59,9945,2025-04-21T08:04:34.292347
user_0396,2023-02-21,C,60대+,F,34,2236,2023-02-21T08:04:34.292365
user_0397,2025-08-24,B,20대,M,3,8742,2025-08-24T08:04:34.292382
user_0398,2023-03-10,B,40대,F,34,3723,2023-03-10T08:04:34.292399
user_0399,2024-05-29,C,20대,F,9,7511,2024-05-29T08:04:34.292417
user_0400,2023-02-26,C,50대,M,37,7531,2023-02-26T08:04:34.292435
user_0401,2025-08-26,B,50대,M,17,3513,2025-08-26T08:04:34.292452
user_0402,2025-08-26,D,20대,F,55,9959,2025-08-26T08:04:34.292470
user_0403,2023-03-03,A,30대,M,17,7317,2023-03-03T08:04:34.292492
user_0404,2023-04-19,D,30대,F,59,3843,2023-04-19T08:04:34.292510
user_0405,2024-04-15,A,20대,F,1,1931,2024-04-15T08:04:34.292527
user_0406,2025-05-29,C,20대,F,18,463,2025-05-29T08:04:34.292544
user_0407,2024-08-17,D,30대,M,27,3621,2024-08-17T08:04:34.292562
user_0408,2022-10-08,C,30대,F,36,4384,2022-10-08T08:04:34.292580
user_0409,2023-07-17,D,50대,M,48,5458,2023-07-17T08:04:34.292597
user_0410,2023-10-05,C,40대,M,36,6549,2023-10-05T08:04:34.292614
user_0411,2023-06-22,C,30대,M,31,5796,2023-06-22T08:04:34.292636
user_0412,2024-10-05,D,30대,F,52,620,2024-10-05T08:04:34.292653
user_0413,2025-07-02,C,30대,M,58,536,2025-07-02T08:04:34.292671
user_0414,2025-08-09,D,20대,M,32,3661,2025-08-09T08:04:34.292688
user_0415,2024-03-26,A,30대,M,3,5965,2024-03-26T08:04:34.292705
user_0416,2024-07-15,C,40대,F,32,5682,2024-07-15T08:04:34.292722
user_0417,2023-04-04,B,50대,M,53,2247,2023-04-04T08:04:34.292739
user_0418,2022-09-26,B,30대,F,20,2189,2022-09-26T08:04:34.292756
user_0419,2024-03-27,D,50대,M,3,8756,2024-03-27T08:04:34.292773
user_0420,2025-01-24,C,30대,M,28,3901,2025-01-24T08:04:34.292790
user_0421,2022-11-22,A,30대,F,47,6364,2022-11-22T08:04:34.292808
user_0422,2025-08-24,D,30대,F,2,4536,2025-08-24T08:04:34.292825
user_0423,2025-06-02,D,40대,F,34,788,2025-06-02T08:04:34.292843
user_0424,2022-11-26,B,20대,M,36,1125,2022-11-26T08:04:34.292860
user_0425,2025-06-01,C,40대,F,34,7686,2025-06-01T08:04:34.292877
user_0426,2022-10-14,B,50대,M,13,6628,2022-10-14T08:04:34.292894
user_0427,2023-01-12,C,50대,F,23,3747,2023-01-12T08:04:34.292911
user_0428,2023-12-28,D,40대,M,16,7237,2023-12-28T08:04:34.292928
user_0429,2025-04-25,C,30대,M,24,6884,2025-04-25T08:04:34.292944
user_0430,2022-12-19,B,40대,F,6,7063,2022-12-19T08:04:34.292961
user_0431,2024-09-30,D,40대,F,41,9538,2024-09-30T08:04:34.292978
user_0432,2022-09-25,C,30대,M,20,8774,2022-09-25T08:04:34.292995
user_0433,2024-12-25,B,40대,M,24,727,2024-12-25T08:04:34.293012
user_0434,2025-06-25,C,50대,F,17,298,2025-06-25T08:04:34.293030
user_0435,2023-03-22,A,20대,M,6,4153,2023-03-22T08:04:34.293046
user_0436,2024-09-19,C,30대,F,53,3053,2024-09-19T08:04:34.293063
user_0437,2024-03-20,B,50대,M,34,3742,2024-03-20T08:04:34.293080
user_0438,2024-03-24,C,30대,M,37,6222,2024-03-24T08:04:34.293097
user_0439,2023-05-02,C,60대+,M,35,6895,2023-05-02T08:04:34.293114
user_0440,2024-10-31,C,20대,M,31,370,2024-10-31T08:04:34.293131
user_0441,2023-08-10,D,50대,M,55,6198,2023-08-10T08:04:34.293149
user_0442,2022-12-25,B,30대,M,23,3830,2022-12-25T08:04:34.293166
user_0443,2025-08-11,D,50대,M,53,8731,2025-08-11T08:04:34.293184
user_0444,2023-05-31,D,30대,M,25,9479,2023-05-31T08:04:34.293201
user_0445,2025-07-17,C,50대,M,39,8503,2025-07-17T08:04:34.293219
user_0446,2023-04-22,C,60대+,M,41,3468,2023-04-22T08:04:34.293240
user_0447,2025-06-16,C,40대,M,32,1198,2025-06-16T08:04:34.293258
user_0448,2023-12-15,C,40대,F,19,551,2023-12-15T08:04:34.293276
user_0449,2022-10-05,C,30대,F,58,7488,2022-10-05T08:04:34.293296
user_0450,2024-08-26,D,40대,M,4,2136,2024-08-26T08:04:34.293314
user_0451,2022-12-05,C,20대,F,14,1535,2022-12-05T08:04:34.293333
user_0452,2025-05-22,A,30대,F,30,3182,2025-05-22T08:04:34.293350
user_0453,2025-03-05,C,30대,M,56,5517,2025-03-05T08:04:34.293368
user_0454,2025-04-12,B,50대,F,14,6570,2025-04-12T08:04:34.293385
user_0455,2025-08-23,C,30대,F,55,8873,2025-08-23T08:04:34.293402
user_0456,2024-06-15,B,40대,M,6,6196,2024-06-15T08:04:34.293418
user_0457,2025-02-20,C,60대+,F,19,271,2025-02-20T08:04:34.293435
user_0458,2025-09-06,C,50대,F,23,8789,2025-09-06T08:04:34.293453
user_0459,2022-09-24,D,20대,F,41,1325,2022-09-24T08:04:34.293470
user_0460,2024-04-22,C,30대,F,32,202,2024-04-22T08:04:34.293487
user_0461,2022-12-27,D,30대,F,19,5325,2022-12-27T08:04:34.293504
user_0462,2025-08-11,D,30대,M,13,8130,2025-08-11T08:04:34.293522
user_0463,2024-08-03,A,30대,M,60,4604,2024-08-03T08:04:34.293540
user_0464,2024-11-19,C,30대,M,18,7728,2024-11-19T08:04:34.293557
user_0465,2024-05-04,B,40대,F,53,7265,2024-05-04T08:04:34.293574
user_0466,2024-03-21,C,40대,M,55,487,2024-03-21T08:04:34.293594
user_0467,2024-11-25,B,40대,F,30,7165,2024-11-25T08:04:34.293612
user_0468,2025-05-14,B,50대,F,10,3294,2025-05-14T08:04:34.293629
user_0469,2022-11-20,C,20대,M,45,5926,2022-11-20T08:04:34.293646
user_0470,2024-04-19,C,30대,M,23,8335,2024-04-19T08:04:34.293665
user_0471,2023-06-30,C,60대+,M,23,5445,2023-06-30T08:04:34.293683
user_0472,2025-07-16,C,50대,M,53,8742,2025-07-16T08:04:34.293700
user_0473,2023-03-21,D,40대,M,38,8212,2023-03-21T08:04:34.293717
user_0474,2024-04-10,C,20대,M,36,7912,2024-04-10T08:04:34.293734
user_0475,2022-12-13,D,50대,M,22,9795,2022-12-13T08:04:34.293750
user_0476,2023-02-25,C,30대,M,13,2190,2023-02-25T08:04:34.293767
user_0477,2023-03-31,C,30대,M,58,3504,2023-03-31T08:04:34.293784
user_0478,2024-03-12,D,30대,F,52,882,2024-03-12T08:04:34.293801
user_0479,2024-05-27,C,30대,F,16,5941,2024-05-27T08:04:34.293818
user_0480,2024-08-18,B,30대,F,52,9704,2024-08-18T08:04:34.293835
user_0481,2023-01-15,C,40대,M,18,4055,2023-01-15T08:04:34.293852
user_0482,2025-07-25,B,50대,F,41,7615,2025-07-25T08:04:34.293869
user_0483,2024-08-13,B,30대,F,8,4634,2024-08-13T08:04:34.293886
user_0484,2025-05-17,C,40대,F,17,7331,2025-05-17T08:04:34.293902
user_0485,2023-11-05,C,50대,M,35,9368,2023-11-05T08:04:34.293919
user_0486,2023-11-30,B,20대,F,24,6268,2023-11-30T08:04:34.293936
user_0487,2024-07-12,B,30대,M,57,4021,2024-07-12T08:04:34.293953
user_0488,2023-04-24,B,30대,M,2,3917,2023-04-24T08:04:34.293971
user_0489,2022-10-29,B,40대,F,13,2544,2022-10-29T08:04:34.293988
user_0490,2024-09-26,D,50대,F,26,5713,2024-09-26T08:04:34.294004
user_0491,2025-06-10,D,30대,F,41,9847,2025-06-10T08:04:34.294020
user_0492,2024-05-21,B,30대,M,60,6223,2024-05-21T08:04:34.294036
user_0493,2022-11-07,B,40대,F,25,7224,2022-11-07T08:04:34.294053
user_0494,2023-10-24,A,30대,F,5,3990,2023-10-24T08:04:34.294069
user_0495,2024-02-19,B,50대,M,26,1199,2024-02-19T08:04:34.294085
user_0496,2023-10-24,B,50대,F,49,702,2023-10-24T08:04:34.294102
user_0497,2024-05-20,A,30대,M,3,4008,2024-05-20T08:04:34.294118
user_0498,2022-11-11,C,30대,F,34,5841,2022-11-11T08:04:34.294134
user_0499,2022-09-28,D,30대,M,35,8972,2022-09-28T08:04:34.294150
user_0500,2024-10-02,B,30대,F,6,498,2024-10-02T08:04:34.294166
user_0501,2025-01-10,C,40대,F,28,5990,2025-01-10T08:04:34.294182
user_0502,2023-08-01,C,40대,F,17,7300,2023-08-01T08:04:34.294198
user_0503,2024-01-18,C,30대,F,51,4820,2024-01-18T08:04:34.294215
user_0504,2025-07-14,A,40대,M,51,8947,2025-07-14T08:04:34.294231
user_0505,2024-12-21,A,40대,F,42,3067,2024-12-21T08:04:34.294247
user_0506,2025-08-17,B,40대,M,42,8311,2025-08-17T08:04:34.294263
user_0507,2025-09-01,C,30대,M,45,3979,2025-09-01T08:04:34.294279
user_0508,2025-07-27,B,50대,F,60,3566,2025-07-27T08:04:34.294295
user_0509,2024-04-05,B,20대,F,25,9971,2024-04-05T08:04:34.294313
user_0510,2025-03-09,A,30대,F,7,6026,2025-03-09T08:04:34.294330
user_0511,2024-08-03,C,30대,M,44,2955,2024-08-03T08:04:34.294347
user_0512,2024-03-02,D,30대,M,45,4713,2024-03-02T08:04:34.294364
user_0513,2024-03-05,C,30대,F,43,3906,2024-03-05T08:04:34.294380
user_0514,2024-08-20,B,20대,M,37,3204,2024-08-20T08:04:34.294396
user_0515,2025-04-30,B,40대,M,35,4638,2025-04-30T08:04:34.294412
user_0516,2025-05-16,B,50대,M,41,9100,2025-05-16T08:04:34.294428
user_0517,2025-06-05,C,40대,F,16,4882,2025-06-05T08:04:34.294445
user_0518,2024-11-15,B,40대,F,14,9876,2024-11-15T08:04:34.294462
user_0519,2024-04-14,C,40대,F,10,4063,2024-04-14T08:04:34.294479
user_0520,2025-04-07,C,20대,M,33,6334,2025-04-07T08:04:34.294496
user_0521,2025-06-06,C,40대,F,42,8678,2025-06-06T08:04:34.294512
user_0522,2023-07-03,C,20대,M,13,5962,2023-07-03T08:04:34.294528
user_0523,2023-12-15,B,20대,M,46,3253,2023-12-15T08:04:34.294545
user_0524,2024-09-14,D,30대,F,28,1981,2024-09-14T08:04:34.294561
user_0525,2022-10-21,B,30대,F,46,7791,2022-10-21T08:04:34.294577
user_0526,2024-04-08,C,40대,F,42,2778,2024-04-08T08:04:34.294593
user_0527,2024-04-21,B,30대,F,60,4883,2024-04-21T08:04:34.294612
user_0528,2024-11-06,B,20대,M,52,1183,2024-11-06T08:04:34.294630
user_0529,2025-08-06,C,40대,F,1,4844,2025-08-06T08:04:34.294647
user_0530,2024-12-04,D,30대,F,55,4355,2024-12-04T08:04:34.294663
user_0531,2023-12-23,B,20대,F,13,744,2023-12-23T08:04:34.294682
user_0532,2022-09-19,B,20대,F,32,4038,2022-09-19T08:04:34.294699
user_0533,2022-11-17,B,30대,M,6,1925,2022-11-17T08:04:34.294715
user_0534,2025-03-20,C,40대,M,11,5529,2025-03-20T08:04:34.294731
user_0535,2023-02-01,C,20대,F,51,1329,2023-02-01T08:04:34.294748
user_0536,2025-06-03,B,40대,F,37,8342,2025-06-03T08:04:34.294764
user_0537,2023-10-27,C,30대,F,0,9053,2023-10-27T08:04:34.294781
user_0538,2023-10-12,D,20대,M,51,3063,2023-10-12T08:04:34.294797
user_0539,2023-05-11,C,50대,F,6,7344,2023-05-11T08:04:34.294813
user_0540,2023-06-03,D,20대,F,43,6646,2023-06-03T08:04:34.294829
user_0541,2024-07-25,B,20대,F,23,6056,2024-07-25T08:04:34.294845
user_0542,2025-08-16,C,40대,M,27,2898,2025-08-16T08:04:34.294862
user_0543,2025-03-13,D,30대,F,17,320,2025-03-13T08:04:34.294878
user_0544,2024-10-05,B,40대,F,10,2577,2024-10-05T08:04:34.294895
user_0545,2023-05-30,D,30대,M,25,2099,2023-05-30T08:04:34.294912
user_0546,2025-08-10,C,30대,F,27,2142,2025-08-10T08:04:34.294929
user_0547,2023-08-11,C,40대,F,36,1317,2023-08-11T08:04:34.294945
user_0548,2024-06-20,B,50대,M,12,6609,2024-06-20T08:04:34.294961
user_0549,2024-10-04,B,40대,M,56,4901,2024-10-04T08:04:34.294977
user_0550,2024-07-09,D,20대,M,49,9580,2024-07-09T08:04:34.294993
user_0551,2023-01-07,D,20대,M,44,2431,2023-01-07T08:04:34.295009
user_0552,2023-12-03,B,50대,M,11,1677,2023-12-03T08:04:34.295025
user_0553,2023-12-29,D,50대,F,55,2704,2023-12-29T08:04:34.295042
user_0554,2025-05-14,D,30대,F,20,5545,2025-05-14T08:04:34.295058
user_0555,2024-12-04,C,40대,F,22,9644,2024-12-04T08:04:34.295076
user_0556,2025-04-30,B,40대,F,48,6340,2025-04-30T08:04:34.295093
user_0557,2024-02-16,B,30대,M,0,8882,2024-02-16T08:04:34.295109
user_0558,2024-03-04,B,50대,F,2,5285,2024-03-04T08:04:34.295125
user_0559,2023-05-16,C,30대,M,32,7934,2023-05-16T08:04:34.295141
user_0560,2023-09-22,B,50대,M,36,8120,2023-09-22T08:04:34.295157
user_0561,2023-09-28,C,40대,M,27,5516,2023-09-28T08:04:34.295173
user_0562,2025-06-12,B,30대,F,34,979,2025-06-12T08:04:34.295190
user_0563,2023-04-29,A,30대,F,15,3384,2023-04-29T08:04:34.295206
user_0564,2024-03-27,C,20대,F,31,5564,2024-03-27T08:04:34.295222
user_0565,2025-08-27,C,30대,M,52,8683,2025-08-27T08:04:34.295239
user_0566,2023-02-06,B,20대,M,36,6364,2023-02-06T08:04:34.295255
user_0567,2023-02-26,C,40대,F,33,5673,2023-02-26T08:04:34.295271
user_0568,2024-03-01,B,20대,F,37,9744,2024-03-01T08:04:34.295288
user_0569,2023-01-22,C,30대,M,51,1121,2023-01-22T08:04:34.295304
user_0570,2024-05-15,B,50대,M,8,2329,2024-05-15T08:04:34.295320
user_0571,2023-12-07,B,20대,F,16,4071,2023-12-07T08:04:34.295336
user_0572,2023-10-07,C,30대,F,58,4630,2023-10-07T08:04:34.295352
user_0573,2024-06-12,C,30대,F,34,9111,2024-06-12T08:04:34.295369
user_0574,2023-12-29,C,40대,F,19,9708,2023-12-29T08:04:34.295385
user_0575,2023-02-09,B,50대,F,23,4214,2023-02-09T08:04:34.295402
user_0576,2023-02-05,C,30대,F,40,2611,2023-02-05T08:04:34.295420
user_0577,2022-09-27,C,20대,F,5,3855,2022-09-27T08:04:34.295437
user_0578,2024-06-08,C,30대,M,31,2131,2024-06-08T08:04:34.295453
user_0579,2025-08-25,B,40대,F,26,1903,2025-08-25T08:04:34.295469
user_0580,2024-02-26,D,50대,M,1,4461,2024-02-26T08:04:34.295485
user_0581,2025-02-26,D,40대,M,30,6162,2025-02-26T08:04:34.295502
user_0582,2023-06-09,B,20대,F,25,6374,2023-06-09T08:04:34.295518
user_0583,2024-03-24,B,20대,F,40,671,2024-03-24T08:04:34.295534
user_0584,2024-03-20,B,30대,M,30,4678,2024-03-20T08:04:34.295550
user_0585,2023-08-22,C,50대,M,16,9031,2023-08-22T08:04:34.295567
user_0586,2022-10-25,D,20대,F,20,9031,2022-10-25T08:04:34.295583
user_0587,2023-07-06,B,40대,M,47,6858,2023-07-06T08:04:34.295599
user_0588,2022-11-16,B,20대,F,27,5874,2022-11-16T08:04:34.295615
user_0589,2023-03-17,D,40대,F,58,771,2023-03-17T08:04:34.295631
user_0590,2024-04-30,D,50대,M,50,5924,2024-04-30T08:04:34.295647
user_0591,2024-03-09,D,30대,F,23,6654,2024-03-09T08:04:34.295664
user_0592,2024-03-13,C,20대,M,43,7399,2024-03-13T08:04:34.295680
user_0593,2024-11-19,B,60대+,F,50,5516,2024-11-19T08:04:34.295696
user_0594,2023-03-07,B,30대,M,20,2034,2023-03-07T08:04:34.295712
user_0595,2024-09-18,B,50대,M,20,1697,2024-09-18T08:04:34.295729
user_0596,2024-11-05,D,30대,M,8,1858,2024-11-05T08:04:34.295745
user_0597,2024-04-16,C,50대,F,3,7734,2024-04-16T08:04:34.295762
user_0598,2023-09-08,C,50대,F,55,6086,2023-09-08T08:04:34.295778
user_0599,2025-03-02,B,40대,M,17,4862,2025-03-02T08:04:34.295794
user_0600,2022-11-01,C,30대,F,20,4608,2022-11-01T08:04:34.295810
user_0601,2023-06-08,C,60대+,M,17,5439,2023-06-08T08:04:34.295826
user_0602,2024-12-26,C,30대,M,38,2109,2024-12-26T08:04:34.295843
user_0603,2024-06-28,C,40대,F,35,7801,2024-06-28T08:04:34.295859
user_0604,2023-08-21,C,30대,F,55,8446,2023-08-21T08:04:34.295875
user_0605,2024-05-11,C,30대,F,58,2053,2024-05-11T08:04:34.295892
user_0606,2025-08-06,D,40대,M,60,9574,2025-08-06T08:04:34.295908
user_0607,2022-12-15,D,40대,F,24,783,2022-12-15T08:04:34.295924
user_0608,2023-03-10,D,40대,M,16,1240,2023-03-10T08:04:34.295940
user_0609,2024-02-08,D,30대,F,53,4825,2024-02-08T08:04:34.295956
user_0610,2023-05-10,C,40대,M,31,5350,2023-05-10T08:04:34.295972
user_0611,2023-04-30,D,40대,F,4,1584,2023-04-30T08:04:34.295989
user_0612,2023-10-22,C,20대,F,5,9312,2023-10-22T08:04:34.296005
user_0613,2024-11-03,B,30대,M,19,2513,2024-11-03T08:04:34.296021
user_0614,2024-03-04,A,20대,F,0,7358,2024-03-04T08:04:34.296037
user_0615,2024-04-06,D,40대,M,36,1329,2024-04-06T08:04:34.296053
user_0616,2025-07-15,C,30대,F,29,4982,2025-07-15T08:04:34.296072
user_0617,2022-09-21,B,40대,M,46,6751,2022-09-21T08:04:34.296088
user_0618,2023-05-17,D,60대+,F,0,3872,2023-05-17T08:04:34.296104
user_0619,2023-10-16,C,30대,M,31,1081,2023-10-16T08:04:34.296120
user_0620,2024-11-09,C,50대,F,23,1571,2024-11-09T08:04:34.296136
user_0621,2024-11-03,A,40대,M,14,7792,2024-11-03T08:04:34.296153
user_0622,2023-02-04,A,50대,M,8,6799,2023-02-04T08:04:34.296170
user_0623,2024-12-24,C,40대,F,29,3384,2024-12-24T08:04:34.296187
user_0624,2024-09-17,C,40대,F,22,9364,2024-09-17T08:04:34.296204
user_0625,2023-06-15,A,30대,M,27,5319,2023-06-15T08:04:34.296220
user_0626,2024-10-13,C,60대+,F,0,7581,2024-10-13T08:04:34.296236
user_0627,2022-10-02,B,50대,F,11,1489,2022-10-02T08:04:34.296253
user_0628,2023-12-20,C,20대,F,24,3669,2023-12-20T08:04:34.296269
user_0629,2024-07-29,B,30대,F,17,8495,2024-07-29T08:04:34.296285
user_0630,2025-03-01,C,40대,F,28,5711,2025-03-01T08:04:34.296301
user_0631,2023-06-15,C,30대,F,31,4631,2023-06-15T08:04:34.296317
user_0632,2025-05-06,D,40대,F,42,8950,2025-05-06T08:04:34.296334
user_0633,2025-08-22,C,20대,F,16,2684,2025-08-22T08:04:34.296350
user_0634,2023-06-12,C,50대,M,54,5907,2023-06-12T08:04:34.296366
user_0635,2025-05-31,C,30대,M,2,1943,2025-05-31T08:04:34.296382
user_0636,2024-03-25,D,40대,F,59,9252,2024-03-25T08:04:34.296398
user_0637,2024-08-13,B,40대,F,22,4819,2024-08-13T08:04:34.296415
user_0638,2024-05-02,D,40대,M,52,920,2024-05-02T08:04:34.296431
user_0639,2023-05-05,D,20대,F,55,630,2023-05-05T08:04:34.296447
user_0640,2023-12-22,D,30대,M,41,4713,2023-12-22T08:04:34.296465
user_0641,2024-06-21,A,60대+,M,13,8791,2024-06-21T08:04:34.296482
user_0642,2024-02-11,B,60대+,M,12,5458,2024-02-11T08:04:34.296498
user_0643,2025-01-02,B,30대,M,45,8100,2025-01-02T08:04:34.296514
user_0644,2024-02-19,B,40대,M,29,5074,2024-02-19T08:04:34.296530
user_0645,2024-04-10,A,30대,F,41,2655,2024-04-10T08:04:34.296546
user_0646,2025-02-25,B,40대,M,58,4042,2025-02-25T08:04:34.296562
user_0647,2022-11-23,A,30대,M,45,8612,2022-11-23T08:04:34.296578
user_0648,2023-01-25,C,30대,M,41,5997,2023-01-25T08:04:34.296594
user_0649,2025-05-30,D,30대,M,44,7903,2025-05-30T08:04:34.296611
user_0650,2025-01-25,C,30대,M,21,3799,2025-01-25T08:04:34.296627
user_0651,2024-11-08,D,60대+,F,50,4899,2024-11-08T08:04:34.296643
user_0652,2025-03-12,C,50대,F,11,5156,2025-03-12T08:04:34.296659
user_0653,2024-07-24,A,40대,M,17,4979,2024-07-24T08:04:34.296675
user_0654,2025-03-13,D,30대,F,22,306,2025-03-13T08:04:34.296691
user_0655,2023-06-23,B,30대,M,23,5094,2023-06-23T08:04:34.296707
user_0656,2024-05-30,C,30대,M,8,7968,2024-05-30T08:04:34.296724
user_0657,2022-09-16,A,20대,F,36,2556,2022-09-16T08:04:34.296740
user_0658,2025-08-29,A,50대,F,26,377,2025-08-29T08:04:34.296756
user_0659,2023-11-03,C,40대,F,22,2985,2023-11-03T08:04:34.296772
user_0660,2024-11-13,B,50대,F,58,5435,2024-11-13T08:04:34.296788
user_0661,2024-03-10,C,30대,F,17,1703,2024-03-10T08:04:34.296804
user_0662,2023-08-09,B,40대,M,27,1132,2023-08-09T08:04:34.296820
user_0663,2023-08-29,B,30대,F,59,2654,2023-08-29T08:04:34.296836
user_0664,2023-06-30,D,20대,F,47,6683,2023-06-30T08:04:34.296852
user_0665,2023-11-16,B,40대,M,48,912,2023-11-16T08:04:34.296868
user_0666,2023-07-22,B,30대,M,20,5580,2023-07-22T08:04:34.296885
user_0667,2024-01-07,C,40대,M,21,3601,2024-01-07T08:04:34.296901
user_0668,2023-05-27,C,30대,M,12,7452,2023-05-27T08:04:34.296916
user_0669,2023-06-08,A,20대,M,13,2602,2023-06-08T08:04:34.296933
user_0670,2024-05-09,D,50대,F,38,1440,2024-05-09T08:04:34.296949
user_0671,2025-08-29,C,20대,M,54,2261,2025-08-29T08:04:34.296965
user_0672,2024-05-26,A,20대,F,56,7239,2024-05-26T08:04:34.296981
user_0673,2024-12-26,B,30대,F,21,3212,2024-12-26T08:04:34.296997
user_0674,2023-08-18,C,30대,M,13,696,2023-08-18T08:04:34.297013
user_0675,2024-11-09,C,20대,M,27,4558,2024-11-09T08:04:34.297030
user_0676,2024-08-11,C,30대,M,45,2246,2024-08-11T08:04:34.297047
user_0677,2024-11-07,B,30대,M,3,6909,2024-11-07T08:04:34.297063
user_0678,2024-07-05,C,20대,F,55,1769,2024-07-05T08:04:34.297079
user_0679,2023-11-26,D,40대,M,24,7028,2023-11-26T08:04:34.297095
user_0680,2024-03-17,C,30대,F,11,7941,2024-03-17T08:04:34.297111
user_0681,2024-11-05,B,20대,F,2,2687,2024-11-05T08:04:34.297127
user_0682,2023-10-16,D,30대,F,5,7904,2023-10-16T08:04:34.297143
user_0683,2025-03-06,C,40대,M,37,2165,2025-03-06T08:04:34.297159
user_0684,2024-07-24,C,40대,M,17,724,2024-07-24T08:04:34.297176
user_0685,2024-05-20,B,20대,M,19,2262,2024-05-20T08:04:34.297192
user_0686,2024-09-06,D,40대,M,49,556,2024-09-06T08:04:34.297208
user_0687,2025-03-08,C,40대,M,53,7031,2025-03-08T08:04:34.297225
user_0688,2023-05-11,B,30대,M,10,1390,2023-05-11T08:04:34.297241
user_0689,2023-12-24,B,30대,M,36,732,2023-12-24T08:04:34.297257
user_0690,2025-01-16,B,30대,F,13,701,2025-01-16T08:04:34.297273
user_0691,2025-04-21,B,40대,F,22,2480,2025-04-21T08:04:34.297290
user_0692,2023-05-20,B,30대,M,10,6505,2023-05-20T08:04:34.297306
user_0693,2024-11-14,C,30대,M,26,5762,2024-11-14T08:04:34.297322
user_0694,2024-06-03,C,50대,F,3,9402,2024-06-03T08:04:34.297338
user_0695,2023-08-01,D,30대,M,15,8535,2023-08-01T08:04:34.297354
user_0696,2023-01-08,D,40대,M,52,4672,2023-01-08T08:04:34.297371
user_0697,2024-04-12,B,40대,M,46,2458,2024-04-12T08:04:34.297387
user_0698,2022-09-24,B,40대,M,13,6348,2022-09-24T08:04:34.297403
user_0699,2023-11-24,C,20대,M,18,1826,2023-11-24T08:04:34.297419
user_0700,2022-11-14,D,40대,F,12,1202,2022-11-14T08:04:34.297437
user_0701,2023-10-17,B,40대,M,54,9046,2023-10-17T08:04:34.297456
user_0702,2023-06-30,B,40대,M,17,625,2023-06-30T08:04:34.297472
user_0703,2025-05-15,C,30대,M,30,7380,2025-05-15T08:04:34.297489
user_0704,2024-04-09,B,30대,M,4,8600,2024-04-09T08:04:34.297505
user_0705,2023-03-17,C,40대,M,27,5737,2023-03-17T08:04:34.297521
user_0706,2023-09-01,B,30대,M,16,8871,2023-09-01T08:04:34.297537
user_0707,2024-07-01,D,50대,F,22,7366,2024-07-01T08:04:34.297553
user_0708,2025-07-03,C,30대,F,48,2772,2025-07-03T08:04:34.297570
user_0709,2024-02-10,B,50대,M,14,5925,2024-02-10T08:04:34.297586
user_0710,2023-08-10,B,30대,F,11,3155,2023-08-10T08:04:34.297602
user_0711,2024-03-31,C,40대,F,58,9988,2024-03-31T08:04:34.297618
user_0712,2023-09-07,A,50대,F,50,3060,2023-09-07T08:04:34.297634
user_0713,2023-07-17,C,40대,F,58,5950,2023-07-17T08:04:34.297650
user_0714,2022-10-05,C,20대,F,7,2048,2022-10-05T08:04:34.297666
user_0715,2024-12-07,C,40대,M,41,5021,2024-12-07T08:04:34.297683
user_0716,2023-11-14,D,50대,F,0,658,2023-11-14T08:04:34.297699
user_0717,2023-06-27,D,40대,F,55,3098,2023-06-27T08:04:34.297715
user_0718,2024-11-24,D,20대,M,30,3796,2024-11-24T08:04:34.297731
user_0719,2023-04-06,C,30대,M,22,8776,2023-04-06T08:04:34.297747
user_0720,2024-09-29,B,30대,M,40,4426,2024-09-29T08:04:34.297764
user_0721,2024-06-16,C,30대,F,5,6438,2024-06-16T08:04:34.297780
user_0722,2025-02-16,C,20대,F,20,201,2025-02-16T08:04:34.297796
user_0723,2024-11-08,C,20대,F,31,5380,2024-11-08T08:04:34.297812
user_0724,2023-03-24,C,20대,F,17,6521,2023-03-24T08:04:34.297828
user_0725,2025-01-05,C,40대,F,39,7156,2025-01-05T08:04:34.297846
user_0726,2025-05-15,C,40대,F,35,3902,2025-05-15T08:04:34.297863
user_0727,2025-03-09,B,40대,F,27,5089,2025-03-09T08:04:34.297879
user_0728,2023-01-27,C,20대,M,8,2566,2023-01-27T08:04:34.297895
user_0729,2024-08-05,D,20대,M,29,9275,2024-08-05T08:04:34.297911
user_0730,2025-02-07,B,40대,M,1,4521,2025-02-07T08:04:34.297927
user_0731,2023-02-11,B,40대,M,56,254,2023-02-11T08:04:34.297946
user_0732,2023-02-13,B,40대,M,23,3919,2023-02-13T08:04:34.297963
user_0733,2023-08-18,C,40대,M,9,1005,2023-08-18T08:04:34.297979
user_0734,2025-07-29,B,40대,F,46,2971,2025-07-29T08:04:34.297996
user_0735,2024-12-12,B,40대,M,24,1141,2024-12-12T08:04:34.298012
user_0736,2024-07-10,B,40대,M,30,8468,2024-07-10T08:04:34.298028
user_0737,2024-06-30,C,20대,F,20,3135,2024-06-30T08:04:34.298044
user_0738,2024-04-04,B,30대,M,60,6251,2024-04-04T08:04:34.298061
user_0739,2023-01-11,C,40대,M,29,8771,2023-01-11T08:04:34.298077
user_0740,2023-01-25,A,30대,M,35,6695,2023-01-25T08:04:34.298093
user_0741,2022-09-15,A,30대,M,37,183,2022-09-15T08:04:34.298109
user_0742,2023-03-09,C,50대,F,15,4852,2023-03-09T08:04:34.298125
user_0743,2025-06-11,D,40대,M,3,7830,2025-06-11T08:04:34.298142
user_0744,2025-01-28,C,40대,M,51,5461,2025-01-28T08:04:34.298158
user_0745,2025-03-19,C,30대,F,21,5707,2025-03-19T08:04:34.298174
user_0746,2023-04-15,C,60대+,F,60,9948,2023-04-15T08:04:34.298190
user_0747,2024-09-13,C,30대,M,45,223,2024-09-13T08:04:34.298206
user_0748,2023-11-26,C,20대,F,36,3825,2023-11-26T08:04:34.298222
user_0749,2023-08-21,B,20대,M,11,8739,2023-08-21T08:04:34.298238
user_0750,2022-09-21,B,40대,M,22,1018,2022-09-21T08:04:34.298254
user_0751,2023-02-13,C,30대,F,33,7909,2023-02-13T08:04:34.298270
user_0752,2025-09-08,D,50대,F,20,9568,2025-09-08T08:04:34.298286
user_0753,2022-12-19,C,20대,M,14,8413,2022-12-19T08:04:34.298302
user_0754,2024-07-07,C,50대,F,4,1872,2024-07-07T08:04:34.298318
user_0755,2023-01-26,B,20대,F,36,6000,2023-01-26T08:04:34.298334
user_0756,2022-12-16,C,30대,M,30,2073,2022-12-16T08:04:34.298350
user_0757,2024-03-28,B,30대,F,29,7899,2024-03-28T08:04:34.298366
user_0758,2025-05-31,B,40대,M,8,5266,2025-05-31T08:04:34.298382
user_0759,2024-09-04,B,50대,M,51,9458,2024-09-04T08:04:34.298399
user_0760,2023-10-18,C,30대,M,21,7889,2023-10-18T08:04:34.298415
user_0761,2025-04-15,C,30대,M,30,9416,2025-04-15T08:04:34.298431
user_0762,2023-08-23,C,30대,M,21,3763,2023-08-23T08:04:34.298448
user_0763,2022-10-10,A,40대,M,28,8226,2022-10-10T08:04:34.298464
user_0764,2023-04-26,C,30대,F,42,631,2023-04-26T08:04:34.298481
user_0765,2025-07-05,C,40대,F,33,7439,2025-07-05T08:04:34.298497
user_0766,2022-11-11,A,20대,F,23,8906,2022-11-11T08:04:34.298513
user_0767,2024-05-27,A,40대,F,34,6672,2024-05-27T08:04:34.298530
user_0768,2024-09-12,A,50대,M,54,9439,2024-09-12T08:04:34.298547
user_0769,2024-09-23,B,30대,F,8,7158,2024-09-23T08:04:34.298563
user_0770,2024-12-16,D,40대,M,22,961,2024-12-16T08:04:34.298579
user_0771,2023-08-06,B,30대,M,6,2906,2023-08-06T08:04:34.298596
user_0772,2024-03-15,D,30대,M,3,747,2024-03-15T08:04:34.298612
user_0773,2024-08-09,A,30대,M,52,2859,2024-08-09T08:04:34.298628
user_0774,2024-11-23,B,30대,F,13,2397,2024-11-23T08:04:34.298645
user_0775,2023-07-12,D,50대,F,56,2752,2023-07-12T08:04:34.298661
user_0776,2024-09-20,B,50대,M,54,293,2024-09-20T08:04:34.298677
user_0777,2023-08-06,C,60대+,M,45,1036,2023-08-06T08:04:34.298693
user_0778,2024-03-30,C,30대,F,12,2406,2024-03-30T08:04:34.298711
user_0779,2024-04-23,C,30대,M,4,6723,2024-04-23T08:04:34.298728
user_0780,2024-12-06,C,30대,F,12,9493,2024-12-06T08:04:34.298744
user_0781,2023-12-11,C,30대,F,56,2675,2023-12-11T08:04:34.298760
user_0782,2025-06-15,A,40대,M,5,9550,2025-06-15T08:04:34.298777
user_0783,2024-01-05,A,20대,M,60,7894,2024-01-05T08:04:34.298793
user_0784,2023-01-27,C,20대,M,47,7017,2023-01-27T08:04:34.298809
user_0785,2025-04-23,C,40대,F,41,1210,2025-04-23T08:04:34.298825
user_0786,2024-04-16,C,60대+,M,18,1122,2024-04-16T08:04:34.298843
user_0787,2025-08-17,C,30대,F,38,8649,2025-08-17T08:04:34.298860
user_0788,2023-08-21,B,40대,F,11,7818,2023-08-21T08:04:34.298876
user_0789,2025-08-16,D,20대,M,55,9619,2025-08-16T08:04:34.298892
user_0790,2025-05-30,B,20대,F,43,9928,2025-05-30T08:04:34.298908
user_0791,2022-11-23,D,30대,M,55,8284,2022-11-23T08:04:34.298925
user_0792,2023-06-30,B,40대,F,36,5663,2023-06-30T08:04:34.298941
user_0793,2024-04-09,B,40대,F,22,5179,2024-04-09T08:04:34.298957
user_0794,2022-10-28,A,20대,F,6,5943,2022-10-28T08:04:34.298974
user_0795,2023-06-16,A,30대,F,52,1502,2023-06-16T08:04:34.298990
user_0796,2023-05-29,A,40대,F,16,5134,2023-05-29T08:04:34.299006
user_0797,2024-04-24,B,50대,M,33,6125,2024-04-24T08:04:34.299022
user_0798,2023-07-24,C,40대,F,40,6924,2023-07-24T08:04:34.299039
user_0799,2025-09-01,A,20대,M,14,2657,2025-09-01T08:04:34.299055
user_0800,2024-11-16,B,40대,M,29,1516,2024-11-16T08:04:34.299071
user_0801,2023-06-18,D,40대,M,24,3905,2023-06-18T08:04:34.299087
user_0802,2023-04-25,C,20대,F,6,5805,2023-04-25T08:04:34.299104
user_0803,2025-01-18,B,40대,M,41,9773,2025-01-18T08:04:34.299120
user_0804,2025-07-02,B,30대,M,50,1356,2025-07-02T08:04:34.299136
user_0805,2025-08-15,B,20대,M,57,3981,2025-08-15T08:04:34.299153
user_0806,2024-01-05,C,40대,F,19,7275,2024-01-05T08:04:34.299169
user_0807,2025-04-10,D,60대+,M,34,9916,2025-04-10T08:04:34.299185
user_0808,2024-07-08,C,40대,F,25,3965,2024-07-08T08:04:34.299201
user_0809,2025-04-10,C,40대,F,7,9861,2025-04-10T08:04:34.299218
user_0810,2024-03-20,C,30대,M,24,4153,2024-03-20T08:04:34.299236
user_0811,2023-10-09,A,40대,F,15,8581,2023-10-09T08:04:34.299253
user_0812,2023-04-20,C,30대,F,45,3233,2023-04-20T08:04:34.299269
user_0813,2024-03-06,C,30대,F,40,252,2024-03-06T08:04:34.299285
user_0814,2023-01-29,B,20대,M,7,7660,2023-01-29T08:04:34.299301
user_0815,2024-07-14,B,50대,F,0,8291,2024-07-14T08:04:34.299318
user_0816,2022-10-08,C,30대,M,40,8538,2022-10-08T08:04:34.299334
user_0817,2024-07-25,B,30대,M,39,5197,2024-07-25T08:04:34.299350
user_0818,2023-11-19,C,30대,M,11,1021,2023-11-19T08:04:34.299366
user_0819,2025-01-05,B,40대,F,46,1356,2025-01-05T08:04:34.299382
user_0820,2024-01-02,B,30대,F,29,6367,2024-01-02T08:04:34.299398
user_0821,2025-04-03,C,30대,F,40,162,2025-04-03T08:04:34.299414
user_0822,2025-02-03,A,20대,M,17,9146,2025-02-03T08:04:34.299431
user_0823,2024-06-12,B,20대,F,52,7177,2024-06-12T08:04:34.299447
user_0824,2024-07-30,C,30대,F,37,4809,2024-07-30T08:04:34.299463
user_0825,2024-11-15,D,40대,F,35,821,2024-11-15T08:04:34.299479
user_0826,2024-03-29,A,40대,F,27,4636,2024-03-29T08:04:34.299496
user_0827,2024-09-30,C,60대+,M,23,3005,2024-09-30T08:04:34.299512
user_0828,2022-12-19,B,30대,M,31,3569,2022-12-19T08:04:34.299528
user_0829,2022-11-24,B,40대,M,7,1925,2022-11-24T08:04:34.299544
user_0830,2023-10-29,D,40대,F,52,4185,2023-10-29T08:04:34.299560
user_0831,2024-10-12,C,20대,F,42,861,2024-10-12T08:04:34.299576
user_0832,2023-11-04,D,30대,F,51,9922,2023-11-04T08:04:34.299593
user_0833,2023-09-15,C,30대,M,59,1020,2023-09-15T08:04:34.299609
user_0834,2023-01-09,C,40대,M,46,6482,2023-01-09T08:04:34.299625
user_0835,2024-01-17,A,40대,M,40,1755,2024-01-17T08:04:34.299641
user_0836,2025-04-23,C,40대,M,13,2796,2025-04-23T08:04:34.299657
user_0837,2022-11-08,B,20대,M,18,5863,2022-11-08T08:04:34.299673
user_0838,2024-04-09,B,20대,M,49,2264,2024-04-09T08:04:34.299690
user_0839,2022-11-30,B,30대,M,18,5647,2022-11-30T08:04:34.299706
user_0840,2023-01-02,B,40대,F,26,6908,2023-01-02T08:04:34.299722
user_0841,2025-07-23,B,30대,M,2,9076,2025-07-23T08:04:34.299738
user_0842,2023-07-24,B,50대,F,21,5846,2023-07-24T08:04:34.299754
user_0843,2023-02-07,B,40대,M,23,6698,2023-02-07T08:04:34.299770
user_0844,2025-05-03,B,30대,M,51,3396,2025-05-03T08:04:34.299786
user_0845,2023-12-28,A,50대,F,9,1147,2023-12-28T08:04:34.299802
user_0846,2024-10-29,A,40대,F,52,2141,2024-10-29T08:04:34.299818
user_0847,2024-06-12,C,30대,M,50,5488,2024-06-12T08:04:34.299834
user_0848,2022-11-08,D,40대,M,55,6871,2022-11-08T08:04:34.299850
user_0849,2025-02-24,D,60대+,M,39,9364,2025-02-24T08:04:34.299867
user_0850,2025-05-19,D,30대,M,23,8064,2025-05-19T08:04:34.299883
user_0851,2024-06-30,A,20대,F,31,2186,2024-06-30T08:04:34.299899
user_0852,2023-03-07,B,50대,F,42,744,2023-03-07T08:04:34.299915
user_0853,2023-02-25,B,60대+,F,24,3451,2023-02-25T08:04:34.299931
user_0854,2024-02-22,D,40대,F,46,3807,2024-02-22T08:04:34.299947
user_0855,2023-09-17,D,40대,M,17,8681,2023-09-17T08:04:34.299963
user_0856,2022-10-31,C,50대,M,29,5001,2022-10-31T08:04:34.299981
user_0857,2025-08-11,D,30대,M,5,3888,2025-08-11T08:04:34.299998
user_0858,2023-04-04,C,30대,M,35,2365,2023-04-04T08:04:34.300015
user_0859,2023-11-18,B,30대,M,11,3894,2023-11-18T08:04:34.300031
user_0860,2022-12-05,B,40대,F,38,2802,2022-12-05T08:04:34.300047
user_0861,2024-09-09,C,20대,M,33,6577,2024-09-09T08:04:34.300063
user_0862,2025-09-05,B,30대,F,51,8820,2025-09-05T08:04:34.300080
user_0863,2025-08-01,C,40대,M,45,8904,2025-08-01T08:04:34.300096
user_0864,2024-02-27,D,40대,F,54,6914,2024-02-27T08:04:34.300112
user_0865,2025-02-19,A,20대,M,14,9853,2025-02-19T08:04:34.300128
user_0866,2025-06-18,C,50대,M,52,9131,2025-06-18T08:04:34.300144
user_0867,2023-08-18,D,60대+,M,50,9692,2023-08-18T08:04:34.300160
user_0868,2022-09-21,C,50대,F,7,2080,2022-09-21T08:04:34.300176
user_0869,2023-09-01,B,30대,M,15,6914,2023-09-01T08:04:34.300192
user_0870,2023-01-04,B,50대,F,26,5588,2023-01-04T08:04:34.300208
user_0871,2023-05-09,A,20대,M,4,6296,2023-05-09T08:04:34.300226
user_0872,2023-11-19,C,30대,F,35,8729,2023-11-19T08:04:34.300242
user_0873,2023-06-30,B,40대,F,58,6067,2023-06-30T08:04:34.300258
user_0874,2024-05-11,C,20대,F,60,672,2024-05-11T08:04:34.300274
user_0875,2025-07-14,B,30대,M,58,6209,2025-07-14T08:04:34.300290
user_0876,2022-09-10,C,30대,M,13,2103,2022-09-10T08:04:34.300306
user_0877,2023-11-03,D,20대,F,6,2421,2023-11-03T08:04:34.300323
user_0878,2024-02-15,A,30대,M,8,3316,2024-02-15T08:04:34.300339
user_0879,2025-06-17,B,20대,M,21,1046,2025-06-17T08:04:34.300355
user_0880,2023-03-05,D,30대,M,37,5151,2023-03-05T08:04:34.300371
user_0881,2024-06-24,C,20대,F,25,8273,2024-06-24T08:04:34.300387
user_0882,2024-01-23,D,40대,M,59,8095,2024-01-23T08:04:34.300403
user_0883,2025-01-06,B,50대,M,22,2303,2025-01-06T08:04:34.300419
user_0884,2025-06-28,C,40대,F,2,552,2025-06-28T08:04:34.300436
user_0885,2024-12-12,B,40대,F,5,926,2024-12-12T08:04:34.300452
user_0886,2023-08-21,A,20대,M,48,2343,2023-08-21T08:04:34.300467
user_0887,2025-08-04,A,30대,F,54,1186,2025-08-04T08:04:34.300484
user_0888,2023-12-04,B,60대+,F,53,2274,2023-12-04T08:04:34.300500
user_0889,2023-01-24,D,40대,F,56,8381,2023-01-24T08:04:34.300516
user_0890,2024-09-18,C,30대,F,46,6842,2024-09-18T08:04:34.300532
user_0891,2024-06-24,B,50대,F,43,8580,2024-06-24T08:04:34.300548
user_0892,2022-12-23,B,50대,M,54,4271,2022-12-23T08:04:34.300564
user_0893,2025-06-27,D,30대,M,44,9449,2025-06-27T08:04:34.300581
user_0894,2023-10-13,D,30대,F,21,7930,2023-10-13T08:04:34.300597
user_0895,2025-08-07,D,30대,F,34,3541,2025-08-07T08:04:34.300615
user_0896,2024-04-15,D,60대+,F,58,4577,2024-04-15T08:04:34.300632
user_0897,2023-08-02,C,30대,M,13,9788,2023-08-02T08:04:34.300648
user_0898,2024-08-26,A,50대,F,34,8805,2024-08-26T08:04:34.300664
user_0899,2023-02-15,B,30대,F,25,4733,2023-02-15T08:04:34.300680
user_0900,2024-02-12,D,20대,M,47,5612,2024-02-12T08:04:34.300696
user_0901,2024-12-14,B,20대,M,48,4970,2024-12-14T08:04:34.300713
user_0902,2023-11-01,C,40대,M,21,3201,2023-11-01T08:04:34.300729
user_0903,2024-08-22,B,60대+,M,38,3749,2024-08-22T08:04:34.300745
user_0904,2023-11-11,C,40대,M,2,1612,2023-11-11T08:04:34.300762
user_0905,2023-04-23,D,30대,F,7,7686,2023-04-23T08:04:34.300778
user_0906,2024-07-08,C,40대,M,31,3981,2024-07-08T08:04:34.300794
user_0907,2024-11-21,D,40대,M,60,2200,2024-11-21T08:04:34.300810
user_0908,2023-05-12,C,40대,M,28,1617,2023-05-12T08:04:34.300826
user_0909,2024-06-03,D,40대,F,35,8204,2024-06-03T08:04:34.300842
user_0910,2025-06-07,D,40대,M,55,8272,2025-06-07T08:04:34.300859
user_0911,2025-07-16,D,40대,M,31,5209,2025-07-16T08:04:34.300875
user_0912,2025-02-14,C,30대,M,24,2859,2025-02-14T08:04:34.300891
user_0913,2024-03-09,C,30대,M,54,3333,2024-03-09T08:04:34.300907
user_0914,2024-07-03,B,30대,F,60,7609,2024-07-03T08:04:34.300923
user_0915,2024-04-22,B,40대,F,25,1800,2024-04-22T08:04:34.300939
user_0916,2023-07-07,D,20대,F,20,3453,2023-07-07T08:04:34.300955
user_0917,2023-02-23,A,20대,F,11,123,2023-02-23T08:04:34.300971
user_0918,2023-02-06,D,40대,M,39,3419,2023-02-06T08:04:34.300987
user_0919,2022-11-08,A,30대,F,18,799,2022-11-08T08:04:34.301003
user_0920,2023-01-10,D,40대,F,12,2190,2023-01-10T08:04:34.301019
user_0921,2023-02-04,C,40대,F,7,8898,2023-02-04T08:04:34.301035
user_0922,2023-02-22,B,40대,F,47,6696,2023-02-22T08:04:34.301051
user_0923,2024-12-07,B,40대,M,41,3972,2024-12-07T08:04:34.301067
user_0924,2024-01-22,B,20대,M,35,4485,2024-01-22T08:04:34.301083
user_0925,2023-07-04,B,30대,F,42,4001,2023-07-04T08:04:34.301099
user_0926,2025-03-22,B,50대,M,52,4533,2025-03-22T08:04:34.301115
user_0927,2023-06-22,B,30대,F,24,1232,2023-06-22T08:04:34.301131
user_0928,2025-02-20,C,20대,F,10,6010,2025-02-20T08:04:34.301147
user_0929,2024-03-07,D,50대,F,37,9303,2024-03-07T08:04:34.301166
user_0930,2023-04-17,B,40대,M,18,4022,2023-04-17T08:04:34.301182
user_0931,2024-06-19,B,30대,M,48,1551,2024-06-19T08:04:34.301198
user_0932,2024-09-19,C,30대,F,51,7577,2024-09-19T08:04:34.301214
user_0933,2024-10-01,D,20대,M,55,6157,2024-10-01T08:04:34.301231
user_0934,2024-09-08,C,40대,M,55,2602,2024-09-08T08:04:34.301248
user_0935,2025-05-04,B,40대,F,13,734,2025-05-04T08:04:34.301267
user_0936,2025-01-01,A,30대,F,60,2080,2025-01-01T08:04:34.301284
user_0937,2022-09-30,C,50대,M,51,9305,2022-09-30T08:04:34.301301
user_0938,2024-09-30,B,50대,F,41,8355,2024-09-30T08:04:34.301317
user_0939,2022-12-31,C,20대,M,32,7272,2022-12-31T08:04:34.301333
user_0940,2024-01-03,B,50대,F,1,8822,2024-01-03T08:04:34.301349
user_0941,2023-01-11,C,40대,F,51,8702,2023-01-11T08:04:34.301365
user_0942,2023-07-14,D,40대,M,27,496,2023-07-14T08:04:34.301382
user_0943,2024-11-21,A,30대,M,55,9817,2024-11-21T08:04:34.301398
user_0944,2022-11-30,D,30대,F,37,9720,2022-11-30T08:04:34.301414
user_0945,2025-01-11,C,30대,M,16,2724,2025-01-11T08:04:34.301430
user_0946,2022-11-27,C,40대,F,29,2455,2022-11-27T08:04:34.301446
user_0947,2025-02-02,D,60대+,F,8,9388,2025-02-02T08:04:34.301462
user_0948,2024-10-14,C,40대,M,42,7525,2024-10-14T08:04:34.301479
user_0949,2025-02-10,D,20대,M,39,3083,2025-02-10T08:04:34.301495
user_0950,2022-09-25,B,60대+,M,28,3852,2022-09-25T08:04:34.301511
user_0951,2025-08-17,B,30대,M,23,842,2025-08-17T08:04:34.301527
user_0952,2023-05-03,D,50대,F,41,5281,2023-05-03T08:04:34.301543
user_0953,2025-05-05,A,60대+,M,47,7546,2025-05-05T08:04:34.301559
user_0954,2024-02-02,C,20대,M,21,2989,2024-02-02T08:04:34.301576
user_0955,2022-09-18,C,20대,M,55,5566,2022-09-18T08:04:34.301592
user_0956,2024-03-18,B,40대,F,45,7587,2024-03-18T08:04:34.301610
user_0957,2025-07-21,D,40대,F,28,5344,2025-07-21T08:04:34.301626
user_0958,2023-01-20,A,30대,F,20,7001,2023-01-20T08:04:34.301643
user_0959,2023-10-16,B,30대,M,41,3869,2023-10-16T08:04:34.301659
user_0960,2025-04-22,D,40대,M,30,7464,2025-04-22T08:04:34.301675
user_0961,2022-11-26,C,50대,F,55,4184,2022-11-26T08:04:34.301692
user_0962,2023-04-30,B,20대,M,1,7432,2023-04-30T08:04:34.301708
user_0963,2024-10-05,C,40대,F,49,3909,2024-10-05T08:04:34.301724
user_0964,2022-10-04,C,30대,M,22,4403,2022-10-04T08:04:34.301740
user_0965,2023-07-08,A,30대,M,6,3168,2023-07-08T08:04:34.301756
user_0966,2023-02-23,C,40대,F,23,3801,2023-02-23T08:04:34.301772
user_0967,2025-03-06,C,40대,F,58,6127,2025-03-06T08:04:34.301788
user_0968,2025-02-14,C,50대,M,19,1337,2025-02-14T08:04:34.301804
user_0969,2022-09-18,C,30대,F,53,102,2022-09-18T08:04:34.301820
user_0970,2024-04-11,A,20대,M,43,4190,2024-04-11T08:04:34.301836
user_0971,2024-11-29,C,50대,F,43,2896,2024-11-29T08:04:34.301852
user_0972,2023-01-28,A,30대,F,17,7700,2023-01-28T08:04:34.301869
user_0973,2024-12-26,B,40대,F,38,4086,2024-12-26T08:04:34.301885
user_0974,2024-05-11,C,30대,F,23,9735,2024-05-11T08:04:34.301901
user_0975,2025-07-29,C,20대,F,31,9439,2025-07-29T08:04:34.301918
user_0976,2024-06-20,A,20대,F,1,3606,2024-06-20T08:04:34.301934
user_0977,2024-10-24,D,40대,M,9,1003,2024-10-24T08:04:34.301950
user_0978,2024-09-14,D,20대,M,44,9097,2024-09-14T08:04:34.301966
user_0979,2023-08-26,C,20대,M,41,1159,2023-08-26T08:04:34.301982
user_0980,2024-02-01,B,30대,F,32,2078,2024-02-01T08:04:34.301999
user_0981,2024-11-19,B,40대,F,16,3430,2024-11-19T08:04:34.302017
user_0982,2023-03-09,D,30대,M,4,7337,2023-03-09T08:04:34.302034
user_0983,2025-07-31,B,30대,M,30,4285,2025-07-31T08:04:34.302051
user_0984,2023-09-14,C,40대,M,7,2186,2023-09-14T08:04:34.302122
user_0985,2024-05-01,D,20대,F,1,7817,2024-05-01T08:04:34.302142
user_0986,2023-07-17,B,40대,F,6,2323,2023-07-17T08:04:34.302160
user_0987,2023-01-07,C,50대,M,58,8016,2023-01-07T08:04:34.302178
user_0988,2025-08-03,A,20대,M,44,9260,2025-08-03T08:04:34.302195
user_0989,2024-07-02,D,40대,M,44,9389,2024-07-02T08:04:34.302213
user_0990,2022-10-11,C,40대,F,8,9660,2022-10-11T08:04:34.302230
user_0991,2022-10-20,D,30대,M,45,7795,2022-10-20T08:04:34.302247
user_0992,2023-06-17,C,50대,F,8,5989,2023-06-17T08:04:34.302264
user_0993,2023-07-17,D,40대,M,47,9615,2023-07-17T08:04:34.302280
user_0994,2025-03-18,C,40대,F,31,4258,2025-03-18T08:04:34.302297
user_0995,2023-03-08,D,30대,F,25,8180,2023-03-08T08:04:34.302314
user_0996,2023-12-27,D,20대,M,38,9829,2023-12-27T08:04:34.302331
user_0997,2023-10-30,B,40대,M,24,9036,2023-10-30T08:04:34.302348
user_0998,2025-07-21,C,50대,M,52,1954,2025-07-21T08:04:34.302365
user_0999,2023-09-16,C,30대,F,19,8753,2023-09-16T08:04:34.302382
user_1000,2025-06-21,D,60대+,F,38,4072,2025-06-21T08:04:34.302399
